﻿[
  {
    "name": "Default",
    "characters": [
      {
        "id": "test-char-1",
        "name": "Personaje Prueba 1",
        "dna": "ruler_designer_12345={\n\ttype=male\n\tid=0\n}",
        "tags": ["Prueba", "MiBaseDatos"],
        "image": "",
        "created": 1732918000.0,
        "modified": 1732918000.0
      },
      {
        "id": "test-char-2",
        "name": "Personaje Prueba 2",
        "dna": "ruler_designer_67890={\n\ttype=female\n\tid=0\n}",
        "tags": ["Prueba", "MiBaseDatos"],
        "image": "",
        "created": 1732918000.0,
        "modified": 1732918000.0
      }
    ]
  }
]

